cpu_user,cpu_system,cpu_idle,cpu_io,mem_total,mem_used,mem_available,mem_used_percent,mem_cached,swap_total,swap_used,swap_free,swap_used_percent,disk_total,disk_used,disk_free,disk_used_percent,diskio_read,diskio_write,diskio_time,diskio_ms,bytes_recv,bytes_sent,packets_recv,packets_sent,err_in,err_out,drop_in,drop_out,load1,load5,load15,process_thread,process_total,process_running,process_blocked,process_zombies,system_label,model_tahmini
20.08032128514072,0.6024096385542443,79.3172690763056,0.0,8286605312,855879680,7224754176,10.328471645205346,3530551296,2147483648,0,2147483648,0.0,1081101176832,15688986624,1010419834880,1.5289788271193456,2290898944,1245835264,51312,0.5714285714285714,0,0,0,0,0,0,0,0,0.58,1.63,0.89,11,1,0,0,0,boşta,normal
61.571125265392425,30.78556263269621,7.643312101911059,0.0,8286605312,2654576640,5426057216,32.03454901074936,3539775488,2147483648,0,2147483648,0.0,1081101176832,15689240576,1010419580928,1.5290035761512883,2292652032,1246584832,51384,1.318181818181818,267,267,4,4,0,0,0,0,1.57,1.81,0.96,11,1,0,0,0,normal,normal
74.89626556016607,18.67219917012448,6.016597510372698,0.0,8286605312,3116924928,4963708928,37.61401455293542,3546587136,2147483648,0,2147483648,0.0,1081101176832,15689388032,1010419433472,1.5290179465569325,2292725760,1247207424,51436,1.1333333333333333,267,267,4,4,0,0,0,0,3.57,2.24,1.11,11,1,0,0,0,normal,normal
76.83982683982686,9.523809523809465,13.419913419913506,0.0,8286605312,3233345536,4847288320,39.018939774019735,3549294592,2147483648,0,2147483648,0.0,1081101176832,15689412608,1010419408896,1.5290203416245398,2292725760,1250385920,51552,6.1913875598086126,267,267,4,4,0,0,0,0,4.49,2.48,1.2,11,1,0,0,0,normal
